Top queries,Clicks,Impressions,CTR,Position
bulk compress images,0,14,0%,86.93
bulk jpg compress,0,12,0%,83.25
remove exif,0,11,0%,91.27
remove exif data,0,10,0%,101
bulk image compression,0,8,0%,77.12
compress image bulk,0,8,0%,80.38
compress images in bulk,0,8,0%,90.38
compress image in bulk,0,7,0%,83.71
bulk image compressor,0,7,0%,89.57
hidden exif data,0,4,0%,81.75
batch image compressor,0,4,0%,83
batch compress images,0,3,0%,84
how to remove exif,0,3,0%,89.33
compress bulk images,0,3,0%,89.67
stripping exif data,0,3,0%,89.67
online convert to png,0,2,0%,79.5
convert image to webp,0,2,0%,80.5
batch compressor,0,2,0%,83
remove exif data from photos,0,2,0%,83
convert images to webp,0,2,0%,85.5
remove exif data from photo,0,2,0%,86
removing exif data,0,2,0%,86.5
strip exif data,0,2,0%,86.5
convert image to png,0,2,0%,90
compress file jpg online,0,1,0%,64
reduce jpg size online,0,1,0%,71
reduce jpeg size online free,0,1,0%,73
keep exif data,0,1,0%,75
compress jpeg online,0,1,0%,78
remove data from photos,0,1,0%,80
how to remove exif data,0,1,0%,82
clear exif,0,1,0%,83
compress png online free,0,1,0%,84
remove data from picture,0,1,0%,84
pic to png,0,1,0%,85
bulk compressor,0,1,0%,86
convert to png online,0,1,0%,86
compress jpg online,0,1,0%,87
removing metadata from images,0,1,0%,87
remove metadata from photos,0,1,0%,89
delete photo information,0,1,0%,90
photo to png free,0,1,0%,90
reduce webp size,0,1,0%,90
strip metadata from photos,0,1,0%,90
bulk image compressor free,0,1,0%,91
erase exif,0,1,0%,91
strip exif,0,1,0%,91
batch photo compressor,0,1,0%,92
exif removal,0,1,0%,93
remove exif data from image,0,1,0%,93
batch image compression,0,1,0%,94
convert to png free,0,1,0%,94
png image converter,0,1,0%,94
clear exif data,0,1,0%,95
png my image,0,1,0%,95
image to webp,0,1,0%,96
no exif,0,1,0%,96
delete exif,0,1,0%,97
reduce size of png online,0,1,0%,100
compresspng.com,0,1,0%,235